app,1154790,XIII
app,423368,Sport Ultralight Panfish Pack
app,1131720,PROP AND SEEK®
app,1086850,3DMark + PCMark 10 + VRMark
app,232750,Garden of the Sea
app,453340,Mars: War Logs
app,474764,Hustle Cat
app,260471,Sniper Elite 4 - Deathstorm Part 1: Inception
app,861881,Assassin’s Creed® IV Black Flag™ - Time saver: Collectibles Pack
app,538070,Train Simulator: Bernina Pass: St Moritz – Poschiavo Route Add-On
app,684850,Bad Dream: Coma
app,1247270,DCS: Normandy 1944 Map
app,893020,Divinity: Original Sin 2 - Official Soundtrack
app,1300850,Slave's Sword 2
app,250680,112 Operator - Masks - CHARITY DLC
app,42964,BELOW
app,813530,Victoria II: Interwar Spritepack
app,686790,FPV Freerider Recharged
app,438150,Tales of Escape - Cold As Ice
sub,87601,Star Realms - Full Version
app,961620,Resident Evil Deluxe Origins Bundle / Biohazard Deluxe Origins Bundle
app,267780,Flashback
app,243780,Metro Franchise Bundle
app,342620,It came from space and ate our brains
app,846200,Bastard
app,335920,Ephemerid: A Musical Adventure
app,747190,Achievement Lurker: Dad Jokes
app,1300680,Goblin Jargon
app,1349000,Jigsaw Puzzle - Animals
app,220285,Farming Simulator 2013: Ursus
app,1315650,Auto Kitchen
app,520660,Wrack: Exoverse
app,827460,TETRA's Escape
app,449340,Marvellous Journeys Bundle
app,914700,Serafina's Crown
app,265330,MINImax Tinyverse
sub,31710,Anomaly Game Collection
app,510840,Gomo
app,467360,Giana Sisters: Twisted Bundle
app,913590,Evolvation
app,616880,Off-Peak
app,689650,Dimension Drifter
app,462620,No Stick Shooter
app,585260,Les Fleursword
app,471170,Pocket Kingdom
app,287580,Antagonist
app,433242,Khaaneph Fleet Pack
app,719410,Magical Squash
app,55400,Saints Row: The Third - Genki Girl Pack
app,701950,Survival Simulator VR
app,496431,Fishing Planet Anniversary Pack
app,466270,Half-Life: A Place in the West
app,562230,Space Tyrant
app,270230,Prominence
app,1131740,青箱
app,980541,Train Simulator: Südbahn: Bruck an der Mur - Maribor Route Add-On
app,619940,Everything OST
app,961510,MarisaLand Legacy
app,598450,"Slice, Dice &amp; Rice"
app,446830,The Lonesome Fog
app,503450,Space Rangers: Quest
app,560410,Cosmic Sugar VR Pro
app,1155260,Puppet Story
app,321100,RPG Maker VX Ace - Always Sometimes Monsters Asset Pack
app,289460,RC Cars
app,1200780,Mini Island: Night
app,307971,IL-2 Sturmovik: Fw 190 A-3 Collector Plane
app,258090,99 Spirits
app,22400,Fallout 3 - Operation Anchorage
app,1222400,The Soul Stone War
app,704690,Elisa: Seduce the Innkeeper
app,1031500,SUPER ROBOT WARS V
app,312980,Graviteam Tactics: Mius-Front
app,521220,Endless Legend™ - Tempest
app,524390,PCMark 10
app,588190,Tower!3D Pro
app,276810,Mordheim: City of the Damned
app,1241550,Space Engineers - Frostbite
app,1250,Killing Floor
app,1040230,Curious Expedition 2
app,821250,Flotsam
app,904960,Cine Tracer
app,866800,The Walking Dead: The Final Season
app,1168030,Project Winter - Blackout
app,564530,Pharaoh + Cleopatra
app,345800,Darkest Dungeon Soundtrack
app,1241271,Monster Hunter: World - Pose Set: Weapon Pose (3)
app,1357070,OMSI 2 Add-On Berlin BRT
app,843380,Super Animal Royale
app,595690,One Hour One Life
app,873940,Crying Suns
app,710490,Planet Coaster - Spooky Pack
app,252870,PULSAR: Lost Colony
app,1384770,Scrutinized
app,1282550,Project Hospital - Hospital Services
app,904400,Cardpocalypse
app,72730,Fallout New Vegas: Dead Money
app,1171240,Reiko's Fragments
app,941973,Devil May Cry 5 - 1000000 Red Orbs
app,1087424,NTBSS: Master Character Training Pack - Sasuke Uchiha (Boruto)
app,952891,Surviving Mars: Marsvision Song Contest
app,702700,Super Bomberman R
app,443730,Wargame Red Dragon - Nation Pack: Netherlands
app,401635,Batman™: Arkham Knight - Season of Infamy: Most Wanted Expansion
app,617140,Portal Knights - Emoji Box
app,1081510,She Sees Red - Interactive Movie
app,370360,TIS-100
app,1930,Two Worlds Epic Edition
app,1088000,Mutant Year Zero: Seed of Evil
app,685690,Guns'n'Stories: Bulletproof VR
app,982270,Dealer's Life
app,8000,Tomb Raider: Anniversary
app,1247020,Lovingly Evil
app,245490,Trials Fusion™
app,57620,Patrician IV
app,440540,Ara Fell: Enhanced Edition
app,1137350,Filament
app,949050,Virtual Villagers Origins 2
app,411980,TY the Tasmanian Tiger 3
app,337930,Nameless ~The one thing you must recall~
app,58610,Wargame: European Escalation
app,1073810,Shapik: The Moon Quest
app,547910,The Survey
app,514900,&gt;observer_
app,623150,art of rally deluxe edition
app,6120,Car Mechanic Simulator 2015 - Car Stripping
app,658700,Shank
app,1110380,V-Rally 4
app,265990,Fit For a King
app,928300,Rogue's Tale
app,621000,Visionarium
app,55040,异常 | Exception
app,282030,Atom Zombie Smasher
app,747850,Carmageddon 2: Carpocalypse Now
app,457330,Warm Village 暖暖村物语
app,1140460,High Octane Drift
app,1180120,V1RUZ
app,1101140,Monolith: Relics of the Past
app,915600,Fishing Adventure
app,783170,Them and Us
app,450120,INSOMNIA: The Ark
app,385560,Capitalism Plus
app,1012980,Shadow Complex Remastered
app,439500,Reassembly Fields Expansion
app,980591,LEGO® MARVEL's Avengers DLC - The Masters of Evil Pack
app,793830,Kharon's Crypt - Even Death May Die
app,919200,Special Warfare
app,887400,THE GREAT GEOMETRIC MULTIVERSE TOUR
app,475240,ORCS
app,613670,The Chronicles of Dragon Wing - Reborn
app,1113940,Electronic Super Joy 2
app,438080,Surfingers
app,18820,Zero Gear
app,1128480,Nice Jumper
app,931860,Sydney Hunter and the Curse of the Mayan
app,1173310,Call of Juarez Bundle
app,277758,Tribe XR DJ School - Deluxe Edition (4 decks)
app,436290,Lab 7: Cold Nights
app,747310,Train Simulator: MRCE BR 185.5 Loco Add-On
app,277759,Children of Zodiarcs
app,473444,Hyper Knights: Battles
app,200610,Train Simulator: Union Pacific GP30 Loco Add-On
app,937870,Pure Decoy Launcher 5 Pack B  [Seira] [Miyabi] [Noko] [Mitsuki] [Anju]
app,890750,Renegade Ops - Coldstrike Campaign
app,437210,Mist Hunter
app,875610,Lily's Night Off
app,618050,The Hunt
app,302490,Loop-Loop DX
app,555531,A-10C: Basic Flight Training Campaign
app,472420,"Duke Grabowski, Mighty Swashbuckler"
app,619570,Agents of Mayhem - Johnny Gat Agent Pack
app,434260,My Name is Mayo
app,371650,COLINA: Legacy
app,552160,Hade
app,1100970,Dancing Girl
app,818210,No Time to Explain Collector's Edition
app,251690,Indie Pogo
app,1110690,Speedball 2 HD
app,947430,PAGUI Deluxe Edition
app,102810,while True: learn() Chief Technology Officer Edition
app,603760,Banter Schooldays!!三〇一室无一人
app,762770,Kiritan VS Kanitan ~Zunda-mochi Defense!~
app,562470,Gatling Gears
app,1186260,Tank Warfare: Longstop Hill
app,1386710,Redout - Back to Earth Pack
app,563760,天使帝國四《Empire of Angels IV》
app,295750,Bondage Girl
app,7020,The HeartBeat
app,642630,VR GirlFriend
